﻿<parameters>
  <parameter name="IIS Web Application Name" defaultValue="Default Web Site/dentista_deploy" tags="IisApp">
    <parameterEntry kind="ProviderPath" scope="IisApp" match="^C:\\Users\\personal\\documents\\visual\ studio\ 2010\\Projects\\dentista\\dentista\\obj\\Debug\\Package\\PackageTmp$" />
    <parameterEntry kind="ProviderPath" scope="setAcl" match="^C:\\Users\\personal\\documents\\visual\ studio\ 2010\\Projects\\dentista\\dentista\\obj\\Debug\\Package\\PackageTmp$" />
  </parameter>
  <parameter name="ApplicationServices-Web.config Connection String" description="ApplicationServices Connection String used in web.config by the application to access the database." defaultValue="data source=.\SQLEXPRESS;Integrated Security=SSPI;AttachDBFilename=|DataDirectory|aspnetdb.mdf;User Instance=true" tags="SqlConnectionString">
    <parameterEntry kind="XmlFile" scope="obj\\Debug\\Package\\PackageTmp\\Web\.config$" match="/configuration/connectionStrings/add[@name='ApplicationServices']/@connectionString" />
  </parameter>
  <parameter name="dentistaEntities-Web.config Connection String" description="dentistaEntities Connection String used in web.config by the application to access the database." defaultValue="metadata=res://*/AppDb.csdl|res://*/AppDb.ssdl|res://*/AppDb.msl;provider=System.Data.SqlClient;provider connection string=&quot;Data Source=(local);Initial Catalog=dentista;Persist Security Info=True;User ID=sa;Password=nanja21;MultipleActiveResultSets=True&quot;" tags="SqlConnectionString">
    <parameterEntry kind="XmlFile" scope="obj\\Debug\\Package\\PackageTmp\\Web\.config$" match="/configuration/connectionStrings/add[@name='dentistaEntities']/@connectionString" />
  </parameter>
</parameters>